INSERT INTO DATA_SHEETS (CODE) VALUES ('SMS');
INSERT INTO DATA_SHEETS (CODE) VALUES ('SMP');

INSERT INTO DATA_SHEET_COLUMN_TYPES (CODE, VALUE_TYPE, IS_FIXED_VALUE, IS_MULTIPLE_CHOICE) VALUES ('PFG', 'STRING', 1, 0);
INSERT INTO DATA_SHEET_COLUMN_TYPES (CODE, VALUE_TYPE, IS_FIXED_VALUE, IS_MULTIPLE_CHOICE) VALUES ('SATISFIED', 'STRING', 1, 0);
INSERT INTO DATA_SHEET_COLUMN_TYPES (CODE, VALUE_TYPE, IS_FIXED_VALUE, IS_MULTIPLE_CHOICE) VALUES ('LA_SIGNED', 'STRING', 1, 0);
INSERT INTO DATA_SHEET_COLUMN_TYPES (CODE, VALUE_TYPE, IS_FIXED_VALUE, IS_MULTIPLE_CHOICE) VALUES ('LA_NOT_SIGNED_SMS', 'STRING', 1, 1);
INSERT INTO DATA_SHEET_COLUMN_TYPES (CODE, VALUE_TYPE, IS_FIXED_VALUE, IS_MULTIPLE_CHOICE) VALUES ('LA_NOT_SIGNED_SMP', 'STRING', 1, 1);
INSERT INTO DATA_SHEET_COLUMN_TYPES (CODE, VALUE_TYPE, IS_FIXED_VALUE, IS_MULTIPLE_CHOICE) VALUES ('OBSTACLES_SMS', 'STRING', 1, 1);
INSERT INTO DATA_SHEET_COLUMN_TYPES (CODE, VALUE_TYPE, IS_FIXED_VALUE, IS_MULTIPLE_CHOICE) VALUES ('OBSTACLES_SMP', 'STRING', 1, 1);
INSERT INTO DATA_SHEET_COLUMN_TYPES (CODE, VALUE_TYPE, IS_FIXED_VALUE, IS_MULTIPLE_CHOICE) VALUES ('YES_NO', 'STRING', 1, 0);
INSERT INTO DATA_SHEET_COLUMN_TYPES (CODE, VALUE_TYPE, IS_FIXED_VALUE, IS_MULTIPLE_CHOICE) VALUES ('COURSE_CATALOGUE', 'STRING', 1, 1);
INSERT INTO DATA_SHEET_COLUMN_TYPES (CODE, VALUE_TYPE, IS_FIXED_VALUE, IS_MULTIPLE_CHOICE) VALUES ('LEGAL_NAME', 'STRING', 0, 0);

INSERT INTO DATA_SHEET_COLUMN_CODES (CODE) VALUES ('LEGAL_NAME');
INSERT INTO DATA_SHEET_COLUMN_CODES (CODE) VALUES ('SMS_SUPPORT_ADMINISTRATIVE');
INSERT INTO DATA_SHEET_COLUMN_CODES (CODE) VALUES ('SMS_SUPPORT_MENTORING');
INSERT INTO DATA_SHEET_COLUMN_CODES (CODE) VALUES ('SMS_SUPPORT_INITIATIVES');
INSERT INTO DATA_SHEET_COLUMN_CODES (CODE) VALUES ('SMS_DEAL_QUESTIONS');
INSERT INTO DATA_SHEET_COLUMN_CODES (CODE) VALUES ('SMS_FIND_ACCOMMODATION');
INSERT INTO DATA_SHEET_COLUMN_CODES (CODE) VALUES ('SMS_FACILITIES_CLASSROOM');
INSERT INTO DATA_SHEET_COLUMN_CODES (CODE) VALUES ('SMS_FACILITIES_STUDY_ROOMS');
INSERT INTO DATA_SHEET_COLUMN_CODES (CODE) VALUES ('SMS_FACILITIES_LIBRARIES');
INSERT INTO DATA_SHEET_COLUMN_CODES (CODE) VALUES ('SMS_FACILITIES_ACCESS_PC');
INSERT INTO DATA_SHEET_COLUMN_CODES (CODE) VALUES ('SMS_FACILITIES_ACCESS_INTERNET');
INSERT INTO DATA_SHEET_COLUMN_CODES (CODE) VALUES ('SMS_FACILITIES_CAFETERIA');
INSERT INTO DATA_SHEET_COLUMN_CODES (CODE) VALUES ('SMS_FACILITIES_ACCESS_PUBLICATIONS');
INSERT INTO DATA_SHEET_COLUMN_CODES (CODE) VALUES ('SMS_QUALITY_CONTENT');
INSERT INTO DATA_SHEET_COLUMN_CODES (CODE) VALUES ('SMS_QUALITY_TEACHING');
INSERT INTO DATA_SHEET_COLUMN_CODES (CODE) VALUES ('SMS_QUALITY_LEARNING');
INSERT INTO DATA_SHEET_COLUMN_CODES (CODE) VALUES ('SMS_LA_SIGNED');
INSERT INTO DATA_SHEET_COLUMN_CODES (CODE) VALUES ('SMS_LA_NOT_SIGNED');
INSERT INTO DATA_SHEET_COLUMN_CODES (CODE) VALUES ('SMS_OBSTACLES');
INSERT INTO DATA_SHEET_COLUMN_CODES (CODE) VALUES ('SMS_TOR');
INSERT INTO DATA_SHEET_COLUMN_CODES (CODE) VALUES ('SMS_COURSE_CATALOGUE');
INSERT INTO DATA_SHEET_COLUMN_CODES (CODE) VALUES ('SMP_DEAL_QUESTIONS');
INSERT INTO DATA_SHEET_COLUMN_CODES (CODE) VALUES ('SMP_FIND_ACCOMMODATION');
INSERT INTO DATA_SHEET_COLUMN_CODES (CODE) VALUES ('SMP_QUALITY');
INSERT INTO DATA_SHEET_COLUMN_CODES (CODE) VALUES ('SMP_LA_SIGNED');
INSERT INTO DATA_SHEET_COLUMN_CODES (CODE) VALUES ('SMP_LA_NOT_SIGNED');
INSERT INTO DATA_SHEET_COLUMN_CODES (CODE) VALUES ('SMP_OBSTACLES');
INSERT INTO DATA_SHEET_COLUMN_CODES (CODE) VALUES ('SMP_CERTIFICATE');
INSERT INTO DATA_SHEET_COLUMN_CODES (CODE) VALUES ('SMP_SUPPORT');

INSERT INTO DATA_SHEET_COLUMNS (CODE, DATA_SHEET_CODE, TYPE, TITLE) VALUES ('PIC','SMS','PIC','Receiving Organisation PIC');
INSERT INTO DATA_SHEET_COLUMNS (CODE, DATA_SHEET_CODE, TYPE, TITLE) VALUES ('ERASMUS_CODE','SMS','ERASMUS_CODE','Receiving Organisation Erasmus Code');
INSERT INTO DATA_SHEET_COLUMNS (CODE, DATA_SHEET_CODE, TYPE, TITLE) VALUES ('COUNTRY_CODE','SMS','COUNTRY_CODE','Receiving Country');
INSERT INTO DATA_SHEET_COLUMNS (CODE, DATA_SHEET_CODE, TYPE, TITLE) VALUES ('LEGAL_NAME','SMS','LEGAL_NAME','Receiving Organisation Legal Name');
INSERT INTO DATA_SHEET_COLUMNS (CODE, DATA_SHEET_CODE, TYPE, TITLE) VALUES ('PIC','SMP','PIC','Receiving Organisation PIC');
INSERT INTO DATA_SHEET_COLUMNS (CODE, DATA_SHEET_CODE, TYPE, TITLE) VALUES ('ERASMUS_CODE','SMP','ERASMUS_CODE','Receiving Organisation Erasmus Code');
INSERT INTO DATA_SHEET_COLUMNS (CODE, DATA_SHEET_CODE, TYPE, TITLE) VALUES ('COUNTRY_CODE','SMP','COUNTRY_CODE','Receiving Country');
INSERT INTO DATA_SHEET_COLUMNS (CODE, DATA_SHEET_CODE, TYPE, TITLE) VALUES ('LEGAL_NAME','SMP','LEGAL_NAME','Receiving Organisation Legal Name');
INSERT INTO DATA_SHEET_COLUMNS (CODE, DATA_SHEET_CODE, TYPE, TITLE) VALUES ('SMS_SUPPORT_ADMINISTRATIVE','SMS','SATISFIED','How satisfied were you with the support arrangements provided by your receiving institution?: Administrative support arrangement');
INSERT INTO DATA_SHEET_COLUMNS (CODE, DATA_SHEET_CODE, TYPE, TITLE) VALUES ('SMS_SUPPORT_MENTORING','SMS','SATISFIED','How satisfied were you with the support arrangements provided by your receiving institution?: Academic mentoring');
INSERT INTO DATA_SHEET_COLUMNS (CODE, DATA_SHEET_CODE, TYPE, TITLE) VALUES ('SMS_SUPPORT_INITIATIVES','SMS','SATISFIED','How satisfied were you with the support arrangements provided by your receiving institution?: Support from student initiatives/organisations');
INSERT INTO DATA_SHEET_COLUMNS (CODE, DATA_SHEET_CODE, TYPE, TITLE) VALUES ('SMS_DEAL_QUESTIONS','SMS','SATISFIED','How satisfied were you with the way the receiving institution dealt with any questions, complaints or problems that may have come up during your participation in the programme?');
INSERT INTO DATA_SHEET_COLUMNS (CODE, DATA_SHEET_CODE, TYPE, TITLE) VALUES ('SMS_FIND_ACCOMMODATION','SMS','SATISFIED','How satisfied were you with the guidance you received by the receiving institution on how to find an accommodation?');
INSERT INTO DATA_SHEET_COLUMNS (CODE, DATA_SHEET_CODE, TYPE, TITLE) VALUES ('SMS_FACILITIES_CLASSROOM','SMS','PFG','How would you rate the facilities for students at the receiving institution?: Classrooms');
INSERT INTO DATA_SHEET_COLUMNS (CODE, DATA_SHEET_CODE, TYPE, TITLE) VALUES ('SMS_FACILITIES_STUDY_ROOMS','SMS','PFG','How would you rate the facilities for students at the receiving institution?: Study rooms, labs or similar');
INSERT INTO DATA_SHEET_COLUMNS (CODE, DATA_SHEET_CODE, TYPE, TITLE) VALUES ('SMS_FACILITIES_LIBRARIES','SMS','PFG','How would you rate the facilities for students at the receiving institution?: Libraries');
INSERT INTO DATA_SHEET_COLUMNS (CODE, DATA_SHEET_CODE, TYPE, TITLE) VALUES ('SMS_FACILITIES_ACCESS_PC','SMS','PFG','How would you rate the facilities for students at the receiving institution?: Access to PCs');
INSERT INTO DATA_SHEET_COLUMNS (CODE, DATA_SHEET_CODE, TYPE, TITLE) VALUES ('SMS_FACILITIES_ACCESS_INTERNET','SMS','PFG','How would you rate the facilities for students at the receiving institution?: Access to Internet');
INSERT INTO DATA_SHEET_COLUMNS (CODE, DATA_SHEET_CODE, TYPE, TITLE) VALUES ('SMS_FACILITIES_CAFETERIA','SMS','PFG','How would you rate the facilities for students at the receiving institution?: Cafeteria / canteen');
INSERT INTO DATA_SHEET_COLUMNS (CODE, DATA_SHEET_CODE, TYPE, TITLE) VALUES ('SMS_FACILITIES_ACCESS_PUBLICATIONS','SMS','PFG','How would you rate the facilities for students at the receiving institution?: Access to existing research (publications)');
INSERT INTO DATA_SHEET_COLUMNS (CODE, DATA_SHEET_CODE, TYPE, TITLE) VALUES ('SMS_QUALITY_CONTENT','SMS','SATISFIED','Were you satisfied with the quality of learning and teaching at the receiving institution?: The quality of content of courses');
INSERT INTO DATA_SHEET_COLUMNS (CODE, DATA_SHEET_CODE, TYPE, TITLE) VALUES ('SMS_QUALITY_TEACHING','SMS','SATISFIED','Were you satisfied with the quality of learning and teaching at the receiving institution?: The quality of teaching methods');
INSERT INTO DATA_SHEET_COLUMNS (CODE, DATA_SHEET_CODE, TYPE, TITLE) VALUES ('SMS_QUALITY_LEARNING','SMS','SATISFIED','Were you satisfied with the quality of learning and teaching at the receiving institution?: The degree of learning support received');
INSERT INTO DATA_SHEET_COLUMNS (CODE, DATA_SHEET_CODE, TYPE, TITLE) VALUES ('SMS_LA_SIGNED','SMS','LA_SIGNED','Was your Learning Agreement signed by all parties before the start of the mobility?');
INSERT INTO DATA_SHEET_COLUMNS (CODE, DATA_SHEET_CODE, TYPE, TITLE) VALUES ('SMS_LA_NOT_SIGNED','SMS','LA_NOT_SIGNED_SMS','If no, who signed after the start of your mobility period?');
INSERT INTO DATA_SHEET_COLUMNS (CODE, DATA_SHEET_CODE, TYPE, TITLE) VALUES ('SMS_OBSTACLES','SMS','OBSTACLES_SMS','What were the main obstacles to full recognition?');
INSERT INTO DATA_SHEET_COLUMNS (CODE, DATA_SHEET_CODE, TYPE, TITLE) VALUES ('SMS_TOR','SMS','YES_NO','Did you receive or do you expect to receive the Transcript of Records from the receiving institution within five weeks after publication/proclamation of your results at the receiving institution?');
INSERT INTO DATA_SHEET_COLUMNS (CODE, DATA_SHEET_CODE, TYPE, TITLE) VALUES ('SMS_COURSE_CATALOGUE','SMS','COURSE_CATALOGUE','Was the receiving institution''s course catalogue…');
INSERT INTO DATA_SHEET_COLUMNS (CODE, DATA_SHEET_CODE, TYPE, TITLE) VALUES ('SMP_DEAL_QUESTIONS','SMP','SATISFIED','How satisfied were you with the way the receiving enterprise/organisation dealt with any questions, complaints or problems that may have come up during your participation in the programme?');
INSERT INTO DATA_SHEET_COLUMNS (CODE, DATA_SHEET_CODE, TYPE, TITLE) VALUES ('SMP_FIND_ACCOMMODATION','SMP','SATISFIED','How satisfied were you with the guidance you received by the receiving enterprise/organisation on how to find an accommodation?');
INSERT INTO DATA_SHEET_COLUMNS (CODE, DATA_SHEET_CODE, TYPE, TITLE) VALUES ('SMP_QUALITY','SMP','SATISFIED','Were you satisfied with the degree of supervision you received during your traineeship?');
INSERT INTO DATA_SHEET_COLUMNS (CODE, DATA_SHEET_CODE, TYPE, TITLE) VALUES ('SMP_LA_SIGNED','SMP','LA_SIGNED','Was the Learning Agreement* signed by all parties before the start of the traineeship?');
INSERT INTO DATA_SHEET_COLUMNS (CODE, DATA_SHEET_CODE, TYPE, TITLE) VALUES ('SMP_LA_NOT_SIGNED','SMP','LA_NOT_SIGNED_SMP','If no, who signed after the start of your traineeship?');
INSERT INTO DATA_SHEET_COLUMNS (CODE, DATA_SHEET_CODE, TYPE, TITLE) VALUES ('SMP_OBSTACLES','SMP','OBSTACLES_SMP','What were the main obstacles to recognition?');
INSERT INTO DATA_SHEET_COLUMNS (CODE, DATA_SHEET_CODE, TYPE, TITLE) VALUES ('SMP_CERTIFICATE','SMP','YES_NO','Did the receiving organisation/enterprise send you the Traineeship Certificate within 5 weeks after the end of your traineeship?');
INSERT INTO DATA_SHEET_COLUMNS (CODE, DATA_SHEET_CODE, TYPE, TITLE) VALUES ('SMP_SUPPORT','SMP','SATISFIED','How satisfied were you with the mentoring and support arrangements provided by the receiving enterprise/organisation?');

INSERT INTO DATA_SHEET_VALUE_CODES (CODE, ORD, DEFAULT_VALUE) VALUES ('PFG_NOT_APPLICABLE',1,NULL);
INSERT INTO DATA_SHEET_VALUE_CODES (CODE, ORD, DEFAULT_VALUE) VALUES ('PFG_VERY_POOR',2,1);
INSERT INTO DATA_SHEET_VALUE_CODES (CODE, ORD, DEFAULT_VALUE) VALUES ('PFG_POOR',3,2);
INSERT INTO DATA_SHEET_VALUE_CODES (CODE, ORD, DEFAULT_VALUE) VALUES ('PFG_FAIR',4,3);
INSERT INTO DATA_SHEET_VALUE_CODES (CODE, ORD, DEFAULT_VALUE) VALUES ('PFG_GOOD',5,4);
INSERT INTO DATA_SHEET_VALUE_CODES (CODE, ORD, DEFAULT_VALUE) VALUES ('PFG_VERY_GOOD',6,5);
INSERT INTO DATA_SHEET_VALUE_CODES (CODE, ORD, DEFAULT_VALUE) VALUES ('SATISFIED_NOT_APPLICABLE',1,NULL);
INSERT INTO DATA_SHEET_VALUE_CODES (CODE, ORD, DEFAULT_VALUE) VALUES ('SATISFIED_VERY_DISSATISFIED',2,1);
INSERT INTO DATA_SHEET_VALUE_CODES (CODE, ORD, DEFAULT_VALUE) VALUES ('SATISFIED_RATHER_DISSATISFIED',3,2);
INSERT INTO DATA_SHEET_VALUE_CODES (CODE, ORD, DEFAULT_VALUE) VALUES ('SATISFIED_NEITHER',4,3);
INSERT INTO DATA_SHEET_VALUE_CODES (CODE, ORD, DEFAULT_VALUE) VALUES ('SATISFIED_RATHER_SATISFIED',5,4);
INSERT INTO DATA_SHEET_VALUE_CODES (CODE, ORD, DEFAULT_VALUE) VALUES ('SATISFIED_VERY_SATISFIED',6,5);
INSERT INTO DATA_SHEET_VALUE_CODES (CODE, ORD, DEFAULT_VALUE) VALUES ('LA_SIGNED_YES',NULL,NULL);
INSERT INTO DATA_SHEET_VALUE_CODES (CODE, ORD, DEFAULT_VALUE) VALUES ('LA_SIGNED_NO',NULL,NULL);
INSERT INTO DATA_SHEET_VALUE_CODES (CODE, ORD, DEFAULT_VALUE) VALUES ('LA_SIGNED_NEVER',NULL,NULL);
INSERT INTO DATA_SHEET_VALUE_CODES (CODE, ORD, DEFAULT_VALUE) VALUES ('LA_NOT_SIGNED_SMS_I',NULL,NULL);
INSERT INTO DATA_SHEET_VALUE_CODES (CODE, ORD, DEFAULT_VALUE) VALUES ('LA_NOT_SIGNED_SMS_SENDING',NULL,NULL);
INSERT INTO DATA_SHEET_VALUE_CODES (CODE, ORD, DEFAULT_VALUE) VALUES ('LA_NOT_SIGNED_SMS_RECEIVING',NULL,NULL);
INSERT INTO DATA_SHEET_VALUE_CODES (CODE, ORD, DEFAULT_VALUE) VALUES ('LA_NOT_SIGNED_SMP_I',NULL,NULL);
INSERT INTO DATA_SHEET_VALUE_CODES (CODE, ORD, DEFAULT_VALUE) VALUES ('LA_NOT_SIGNED_SMP_SENDING',NULL,NULL);
INSERT INTO DATA_SHEET_VALUE_CODES (CODE, ORD, DEFAULT_VALUE) VALUES ('LA_NOT_SIGNED_SMP_RECEIVING',NULL,NULL);
INSERT INTO DATA_SHEET_VALUE_CODES (CODE, ORD, DEFAULT_VALUE) VALUES ('OBSTACLES_SMS_TRANSCRIPT',NULL,NULL);
INSERT INTO DATA_SHEET_VALUE_CODES (CODE, ORD, DEFAULT_VALUE) VALUES ('OBSTACLES_SMS_TAKE',NULL,NULL);
INSERT INTO DATA_SHEET_VALUE_CODES (CODE, ORD, DEFAULT_VALUE) VALUES ('OBSTACLES_SMS_PASS',NULL,NULL);
INSERT INTO DATA_SHEET_VALUE_CODES (CODE, ORD, DEFAULT_VALUE) VALUES ('OBSTACLES_SMS_CONTENT',NULL,NULL);
INSERT INTO DATA_SHEET_VALUE_CODES (CODE, ORD, DEFAULT_VALUE) VALUES ('OBSTACLES_SMS_RECOGNISED',NULL,NULL);
INSERT INTO DATA_SHEET_VALUE_CODES (CODE, ORD, DEFAULT_VALUE) VALUES ('OBSTACLES_SMS_TRANSFER',NULL,NULL);
INSERT INTO DATA_SHEET_VALUE_CODES (CODE, ORD, DEFAULT_VALUE) VALUES ('OBSTACLES_SMS_PROFESSOR',NULL,NULL);
INSERT INTO DATA_SHEET_VALUE_CODES (CODE, ORD, DEFAULT_VALUE) VALUES ('OBSTACLES_SMS_NOT',NULL,NULL);
INSERT INTO DATA_SHEET_VALUE_CODES (CODE, ORD, DEFAULT_VALUE) VALUES ('OBSTACLES_SMS_OTHER',NULL,NULL);
INSERT INTO DATA_SHEET_VALUE_CODES (CODE, ORD, DEFAULT_VALUE) VALUES ('OBSTACLES_SMP_CERTIFICATE',NULL,NULL);
INSERT INTO DATA_SHEET_VALUE_CODES (CODE, ORD, DEFAULT_VALUE) VALUES ('OBSTACLES_SMP_CONTENT',NULL,NULL);
INSERT INTO DATA_SHEET_VALUE_CODES (CODE, ORD, DEFAULT_VALUE) VALUES ('OBSTACLES_SMP_CALCULATION',NULL,NULL);
INSERT INTO DATA_SHEET_VALUE_CODES (CODE, ORD, DEFAULT_VALUE) VALUES ('OBSTACLES_SMP_OTHER',NULL,NULL);
INSERT INTO DATA_SHEET_VALUE_CODES (CODE, ORD, DEFAULT_VALUE) VALUES ('YES',NULL,NULL);
INSERT INTO DATA_SHEET_VALUE_CODES (CODE, ORD, DEFAULT_VALUE) VALUES ('NO',NULL,NULL);
INSERT INTO DATA_SHEET_VALUE_CODES (CODE, ORD, DEFAULT_VALUE) VALUES ('COURSE_CATALOGUE_PUBLISHED',NULL,1);
INSERT INTO DATA_SHEET_VALUE_CODES (CODE, ORD, DEFAULT_VALUE) VALUES ('COURSE_CATALOGUE_COMPLETE',NULL,1);
INSERT INTO DATA_SHEET_VALUE_CODES (CODE, ORD, DEFAULT_VALUE) VALUES ('COURSE_CATALOGUE_UP_TO_DATE',NULL,1);
INSERT INTO DATA_SHEET_VALUE_CODES (CODE, ORD, DEFAULT_VALUE) VALUES ('COURSE_CATALOGUE_IN_TIME',NULL,1);

INSERT INTO DATA_SHEET_VALUES (CODE, COLUMN_TYPE, VALUE) VALUES ('PFG_NOT_APPLICABLE','PFG','Not applicable');
INSERT INTO DATA_SHEET_VALUES (CODE, COLUMN_TYPE, VALUE) VALUES ('PFG_VERY_POOR','PFG','Very poor');
INSERT INTO DATA_SHEET_VALUES (CODE, COLUMN_TYPE, VALUE) VALUES ('PFG_POOR','PFG','Poor');
INSERT INTO DATA_SHEET_VALUES (CODE, COLUMN_TYPE, VALUE) VALUES ('PFG_FAIR','PFG','Fair');
INSERT INTO DATA_SHEET_VALUES (CODE, COLUMN_TYPE, VALUE) VALUES ('PFG_GOOD','PFG','Good');
INSERT INTO DATA_SHEET_VALUES (CODE, COLUMN_TYPE, VALUE) VALUES ('PFG_VERY_GOOD','PFG','Very good');
INSERT INTO DATA_SHEET_VALUES (CODE, COLUMN_TYPE, VALUE) VALUES ('SATISFIED_NOT_APPLICABLE','SATISFIED','Not applicable');
INSERT INTO DATA_SHEET_VALUES (CODE, COLUMN_TYPE, VALUE) VALUES ('SATISFIED_VERY_DISSATISFIED','SATISFIED','Very dissatisfied');
INSERT INTO DATA_SHEET_VALUES (CODE, COLUMN_TYPE, VALUE) VALUES ('SATISFIED_RATHER_DISSATISFIED','SATISFIED','Rather dissatisfied');
INSERT INTO DATA_SHEET_VALUES (CODE, COLUMN_TYPE, VALUE) VALUES ('SATISFIED_NEITHER','SATISFIED','Neither satisfied nor dissatisfied');
INSERT INTO DATA_SHEET_VALUES (CODE, COLUMN_TYPE, VALUE) VALUES ('SATISFIED_RATHER_SATISFIED','SATISFIED','Rather satisfied');
INSERT INTO DATA_SHEET_VALUES (CODE, COLUMN_TYPE, VALUE) VALUES ('SATISFIED_VERY_SATISFIED','SATISFIED','Very satisfied');
INSERT INTO DATA_SHEET_VALUES (CODE, COLUMN_TYPE, VALUE) VALUES ('LA_SIGNED_YES','LA_SIGNED','Yes, all parties signed it before the start');
INSERT INTO DATA_SHEET_VALUES (CODE, COLUMN_TYPE, VALUE) VALUES ('LA_SIGNED_NO','LA_SIGNED','No, some parties signed it after the start');
INSERT INTO DATA_SHEET_VALUES (CODE, COLUMN_TYPE, VALUE) VALUES ('LA_SIGNED_NEVER','LA_SIGNED','The learning agreement was never signed');
INSERT INTO DATA_SHEET_VALUES (CODE, COLUMN_TYPE, VALUE) VALUES ('LA_NOT_SIGNED_SMS_I','LA_NOT_SIGNED_SMS','I (the student) did');
INSERT INTO DATA_SHEET_VALUES (CODE, COLUMN_TYPE, VALUE) VALUES ('LA_NOT_SIGNED_SMS_SENDING','LA_NOT_SIGNED_SMS','The sending institution did');
INSERT INTO DATA_SHEET_VALUES (CODE, COLUMN_TYPE, VALUE) VALUES ('LA_NOT_SIGNED_SMS_RECEIVING','LA_NOT_SIGNED_SMS','The receiving institution did');
INSERT INTO DATA_SHEET_VALUES (CODE, COLUMN_TYPE, VALUE) VALUES ('LA_NOT_SIGNED_SMP_I','LA_NOT_SIGNED_SMP','I (the student) did');
INSERT INTO DATA_SHEET_VALUES (CODE, COLUMN_TYPE, VALUE) VALUES ('LA_NOT_SIGNED_SMP_SENDING','LA_NOT_SIGNED_SMP','The sending institution did');
INSERT INTO DATA_SHEET_VALUES (CODE, COLUMN_TYPE, VALUE) VALUES ('LA_NOT_SIGNED_SMP_RECEIVING','LA_NOT_SIGNED_SMP','The receiving enterprise/organisation did');
INSERT INTO DATA_SHEET_VALUES (CODE, COLUMN_TYPE, VALUE) VALUES ('OBSTACLES_SMS_TRANSCRIPT','OBSTACLES_SMS','Problems with receiving the Transcript of Records from the receiving institution');
INSERT INTO DATA_SHEET_VALUES (CODE, COLUMN_TYPE, VALUE) VALUES ('OBSTACLES_SMS_TAKE','OBSTACLES_SMS','I did not take some or all exams');
INSERT INTO DATA_SHEET_VALUES (CODE, COLUMN_TYPE, VALUE) VALUES ('OBSTACLES_SMS_PASS','OBSTACLES_SMS','I did not pass some or all exams');
INSERT INTO DATA_SHEET_VALUES (CODE, COLUMN_TYPE, VALUE) VALUES ('OBSTACLES_SMS_CONTENT','OBSTACLES_SMS','Course content (or part of it) as agreed in the final version of the Learning Agreement was not accepted by the sending institution upon return');
INSERT INTO DATA_SHEET_VALUES (CODE, COLUMN_TYPE, VALUE) VALUES ('OBSTACLES_SMS_RECOGNISED','OBSTACLES_SMS','Number of credits recognised is different from the one agreed in the final version of the Learning Agreement');
INSERT INTO DATA_SHEET_VALUES (CODE, COLUMN_TYPE, VALUE) VALUES ('OBSTACLES_SMS_TRANSFER','OBSTACLES_SMS','Problems with grade transfer');
INSERT INTO DATA_SHEET_VALUES (CODE, COLUMN_TYPE, VALUE) VALUES ('OBSTACLES_SMS_PROFESSOR','OBSTACLES_SMS','Professor(s) at my sending institution did not give the approval');
INSERT INTO DATA_SHEET_VALUES (CODE, COLUMN_TYPE, VALUE) VALUES ('OBSTACLES_SMS_NOT','OBSTACLES_SMS','I decided NOT to have some courses recognised');
INSERT INTO DATA_SHEET_VALUES (CODE, COLUMN_TYPE, VALUE) VALUES ('OBSTACLES_SMS_OTHER','OBSTACLES_SMS','Other');
INSERT INTO DATA_SHEET_VALUES (CODE, COLUMN_TYPE, VALUE) VALUES ('OBSTACLES_SMP_CERTIFICATE','OBSTACLES_SMP','Problems receiving the Traineeship Certificate from the receiving enterprise/organisation ');
INSERT INTO DATA_SHEET_VALUES (CODE, COLUMN_TYPE, VALUE) VALUES ('OBSTACLES_SMP_CONTENT','OBSTACLES_SMP','Content of the traineeship or part of it was not accepted by the sending institution');
INSERT INTO DATA_SHEET_VALUES (CODE, COLUMN_TYPE, VALUE) VALUES ('OBSTACLES_SMP_CALCULATION','OBSTACLES_SMP','Problems with credit calculation');
INSERT INTO DATA_SHEET_VALUES (CODE, COLUMN_TYPE, VALUE) VALUES ('OBSTACLES_SMP_OTHER','OBSTACLES_SMP','Other');
INSERT INTO DATA_SHEET_VALUES (CODE, COLUMN_TYPE, VALUE) VALUES ('YES','YES_NO','Yes');
INSERT INTO DATA_SHEET_VALUES (CODE, COLUMN_TYPE, VALUE) VALUES ('NO','YES_NO','No');
INSERT INTO DATA_SHEET_VALUES (CODE, COLUMN_TYPE, VALUE) VALUES ('COURSE_CATALOGUE_PUBLISHED','COURSE_CATALOGUE','Published on the website of the receiving institution?');
INSERT INTO DATA_SHEET_VALUES (CODE, COLUMN_TYPE, VALUE) VALUES ('COURSE_CATALOGUE_COMPLETE','COURSE_CATALOGUE','Complete? (all needed information to make your choices was available, including language of instruction and grading distribution)');
INSERT INTO DATA_SHEET_VALUES (CODE, COLUMN_TYPE, VALUE) VALUES ('COURSE_CATALOGUE_UP_TO_DATE','COURSE_CATALOGUE','Up to date? (there were no changes in the courses you had chosen during your stay in the receiving institution)');
INSERT INTO DATA_SHEET_VALUES (CODE, COLUMN_TYPE, VALUE) VALUES ('COURSE_CATALOGUE_IN_TIME','COURSE_CATALOGUE','Available in time to prepare your Learning Agreement?');